{
  "project_info": {
    "project_number": "197595284578",
    "firebase_url": "https://smsfirebaseproject-6fdfe.firebaseio.com",
    "project_id": "smsfirebaseproject-6fdfe",
    "storage_bucket": "smsfirebaseproject-6fdfe.appspot.com"
  },
  "client": [
    {
      "client_info": {
        "mobilesdk_app_id": "1:197595284578:android:d86b0bbbbcf36cbf93fd3b",
        "android_client_info": {
          "package_name": "com.example.mounisha.sms"
        }
      },
      "oauth_client": [
        {
          "client_id": "197595284578-h409r0aba17gl0hjrakii437d3t0ulk0.apps.googleusercontent.com",
          "client_type": 1,
          "android_info": {
            "package_name": "com.example.mounisha.sms",
            "certificate_hash": "f4a2cede54b0dbde3ef4929166c6dfd5f44f3591"
          }
        },
        {
          "client_id": "197595284578-lv5i39n14q3sd97mp5pscd17p283ukql.apps.googleusercontent.com",
          "client_type": 3
        }
      ],
      "api_key": [
        {
          "current_key": "AIzaSyC3baHS42cUwkuGk3D8Vmwky5yRC8Zgns4"
        }
      ],
      "services": {
        "appinvite_service": {
          "other_platform_oauth_client": [
            {
              "client_id": "197595284578-lv5i39n14q3sd97mp5pscd17p283ukql.apps.googleusercontent.com",
              "client_type": 3
            }
          ]
        }
      }
    }
  ],
  "configuration_version": "1"
}